code,type,title,content
RD_P_001,extract,The Loyal Friend,"Once upon a time in a small village, there lived two friends named Tom and Jerry. They did everything together - played in the fields, studied under the old oak tree, and shared their meals. One day, Tom fell into deep trouble when he was accused of stealing apples from the mayor's garden. Though everyone turned against him, Jerry stood tall and defended his friend. He investigated and found the real culprit - a mischievous crow that had been taking the apples. This is what true friendship means - standing by your friend when everyone else walks away."
RD_P_002,extract,The Curious Explorer,"Maya was always curious about the world around her. While other children played games, she would spend hours watching ants build their homes or studying how clouds changed shape in the sky. One afternoon, she discovered a small stream behind her house that no one had noticed before. Following it through the bushes, she found a beautiful hidden garden filled with wildflowers and butterflies. Maya learned that curiosity could lead to wonderful discoveries if you just took the time to look."
RD_POEM_001,poem,The Morning Sun,"The sun rises in the east so bright,
Spreading warmth and golden light,
Birds sing songs up in the trees,
Dancing gently in the breeze.

Children wake to greet the day,
Ready for their work and play,
Nature's gift for all to see,
A brand new chance to happy be."
RD_POEM_002,poem,Seasons Change,"Spring brings flowers, fresh and new,
Summer skies of brightest blue,
Autumn leaves in red and gold,
Winter days so crisp and cold.

Round and round the seasons go,
Teaching us what we should know,
Change is part of nature's way,
New beginnings every day."
